{
	"class_name" : "PinholeCameraParameters",
	"extrinsic" : 
	[
		0.97980010145796914,
		-0.092593589669769952,
		0.17725176539323828,
		0.0,
		0.039827570114037494,
		0.95894487712527776,
		0.28078192123781348,
		0.0,
		-0.19597327838704115,
		-0.26805064780233689,
		0.94326206558462999,
		0.0,
		-1.3144508385074563,
		2.7739607724563937,
		8.3035755178966788,
		1.0
	],
	"intrinsic" : 
	{
		"height" : 1025,
		"intrinsic_matrix" : 
		[
			887.67603887904966,
			0.0,
			0.0,
			0.0,
			887.67603887904966,
			0.0,
			932.0,
			512.0,
			1.0
		],
		"width" : 1865
	},
	"version_major" : 1,
	"version_minor" : 0
}