{
	"class_name" : "PinholeCameraParameters",
	"extrinsic" : 
	[
		0.9959289615003879,
		-0.068351828092220027,
		0.058766752855766553,
		0.0,
		0.059992649025028509,
		0.98918763633711437,
		0.13382339922731198,
		0.0,
		-0.067278419331304837,
		-0.12975302583849199,
		0.98926122261920135,
		0.0,
		-1.1433838370100737,
		2.1328873682760499,
		8.9709155140460144,
		1.0
	],
	"intrinsic" : 
	{
		"height" : 1025,
		"intrinsic_matrix" : 
		[
			887.67603887904966,
			0.0,
			0.0,
			0.0,
			887.67603887904966,
			0.0,
			932.0,
			512.0,
			1.0
		],
		"width" : 1865
	},
	"version_major" : 1,
	"version_minor" : 0
}